dive_site,px,py
zone_A/frame_001,706.74,680.81
zone_A/frame_001,704.76,729.07
zone_A/frame_001,704.52,690.25
zone_A/frame_001,707.66,718.57
zone_A/frame_001,706.04,696.07
zone_A/frame_001,702.3,732.41
zone_A/frame_001,708.02,669.54
zone_A/frame_001,258.0,95.54
zone_A/frame_001,960.91,251.77
zone_A/frame_001,282.17,768.25
zone_A/frame_001,797.92,544.04
zone_A/frame_002,668.47,439.37
zone_A/frame_002,667.07,436.85
zone_A/frame_002,624.84,447.08
zone_A/frame_002,626.45,433.41
zone_A/frame_002,643.27,437.04
zone_A/frame_002,639.27,433.43
zone_A/frame_002,630.45,442.28
zone_A/frame_002,679.75,452.16
zone_A/frame_002,635.48,441.02
zone_A/frame_002,664.49,437.96
zone_A/frame_002,710.27,69.33
zone_A/frame_002,256.39,148.11
zone_A/frame_002,118.72,387.49
zone_A/frame_002,26.54,308.98
zone_A/frame_002,473.06,353.15
zone_A/frame_002,673.27,3.56
zone_A/frame_003,289.57,534.62
zone_A/frame_003,277.13,543.72
zone_A/frame_003,264.5,535.19
zone_A/frame_003,262.24,530.25
zone_A/frame_003,271.2,535.22
zone_A/frame_003,286.11,531.1
zone_A/frame_003,283.03,530.0
zone_A/frame_003,262.31,536.28
zone_A/frame_003,284.31,537.63
zone_A/frame_003,277.45,539.29
zone_A/frame_003,777.63,939.73
zone_A/frame_003,104.58,938.48
zone_A/frame_003,797.39,330.8
zone_A/frame_004,131.72,528.13
zone_A/frame_004,139.11,439.97
zone_A/frame_004,148.13,487.47
zone_A/frame_004,139.8,475.98
zone_A/frame_004,152.35,491.44
zone_A/frame_004,143.45,499.05
zone_A/frame_004,134.2,494.69
zone_A/frame_004,142.84,518.01
zone_A/frame_004,145.75,552.61
zone_A/frame_004,149.67,497.96
zone_A/frame_004,139.73,456.61
zone_A/frame_004,137.09,548.88
zone_A/frame_004,149.38,480.58
zone_A/frame_004,155.31,426.58
zone_A/frame_004,137.64,485.6
zone_A/frame_004,123.61,544.03
zone_A/frame_004,156.87,475.97
zone_A/frame_004,145.22,486.02
zone_A/frame_004,155.49,520.43
zone_A/frame_004,145.29,570.67
zone_A/frame_004,137.16,479.74
zone_A/frame_004,149.1,504.02
zone_A/frame_004,668.29,446.56
zone_A/frame_004,724.76,449.05
zone_A/frame_004,701.22,448.56
zone_A/frame_004,758.66,454.4
zone_A/frame_004,777.25,436.3
zone_A/frame_004,739.41,440.48
zone_A/frame_004,676.29,452.06
zone_A/frame_004,752.12,445.45
zone_A/frame_004,709.8,435.35
zone_A/frame_004,722.91,463.86
zone_A/frame_004,774.07,443.74
zone_A/frame_004,747.75,444.89
zone_A/frame_004,694.23,448.06
zone_A/frame_004,734.82,464.66
zone_A/frame_004,727.23,459.37
zone_A/frame_004,672.76,466.17
zone_A/frame_004,996.41,784.49
zone_A/frame_004,866.78,946.51
zone_A/frame_004,435.98,95.9
zone_A/frame_004,750.33,803.82
zone_A/frame_004,337.68,159.98
zone_A/frame_004,864.88,292.14
zone_A/frame_004,152.25,111.12
zone_A/frame_004,203.98,711.34
zone_A/frame_004,933.83,40.25
zone_A/frame_004,328.72,872.6
zone_B/frame_001,684.88,366.07
zone_B/frame_001,653.92,355.01
zone_B/frame_001,650.36,359.2
zone_B/frame_001,685.32,332.39
zone_B/frame_001,672.07,346.9
zone_B/frame_001,686.0,345.29
zone_B/frame_001,667.1,351.89
zone_B/frame_001,643.77,344.46
zone_B/frame_001,628.71,350.05
zone_B/frame_001,645.19,364.61
zone_B/frame_001,656.36,357.01
zone_B/frame_001,636.62,346.99
zone_B/frame_001,642.37,355.0
zone_B/frame_001,648.54,347.72
zone_B/frame_001,668.51,348.9
zone_B/frame_001,645.76,344.68
zone_B/frame_001,647.1,348.25
zone_B/frame_001,637.32,354.95
zone_B/frame_001,416.39,696.65
zone_B/frame_001,429.35,685.92
zone_B/frame_001,430.17,651.36
zone_B/frame_001,450.73,690.38
zone_B/frame_001,455.29,676.77
zone_B/frame_001,588.13,357.85
zone_B/frame_001,587.51,405.98
zone_B/frame_001,585.07,384.9
zone_B/frame_001,592.69,421.3
zone_B/frame_001,579.82,377.98
zone_B/frame_001,584.3,372.07
zone_B/frame_001,593.16,385.34
zone_B/frame_001,587.79,367.69
zone_B/frame_001,593.02,373.12
zone_B/frame_001,587.08,392.18
zone_B/frame_001,586.62,388.21
zone_B/frame_001,587.36,380.95
zone_B/frame_001,583.14,380.19
zone_B/frame_001,927.16,272.78
zone_B/frame_001,299.0,841.4
zone_B/frame_001,590.93,27.09
zone_B/frame_001,651.79,681.3
zone_B/frame_001,43.31,649.92
zone_B/frame_001,4.09,437.2
zone_B/frame_001,805.24,252.33
zone_B/frame_001,68.02,312.25
zone_B/frame_001,719.66,184.76
zone_B/frame_001,307.89,862.79
zone_B/frame_001,995.95,288.1
zone_B/frame_002,897.43,832.0
zone_B/frame_002,882.88,815.83
zone_B/frame_002,902.54,807.59
zone_B/frame_002,906.02,798.29
zone_B/frame_002,877.58,809.87
zone_B/frame_002,894.24,811.91
zone_B/frame_002,903.34,803.66
zone_B/frame_002,898.19,802.82
zone_B/frame_002,894.61,834.45
zone_B/frame_002,897.48,794.32
zone_B/frame_002,899.04,828.13
zone_B/frame_002,906.4,812.28
zone_B/frame_002,893.54,838.59
zone_B/frame_002,904.27,797.18
zone_B/frame_002,724.72,299.95
zone_B/frame_002,811.57,421.17
zone_B/frame_002,79.05,412.67
zone_B/frame_002,184.17,866.9
zone_B/frame_002,456.69,149.75
zone_B/frame_002,359.74,392.19
zone_B/frame_002,637.41,977.77
zone_B/frame_002,381.9,668.63
zone_B/frame_002,826.5,941.95
zone_B/frame_002,112.23,498.06
zone_B/frame_002,180.48,64.43
zone_B/frame_002,742.18,761.99
zone_B/frame_003,339.29,487.36
zone_B/frame_003,351.75,468.4
zone_B/frame_003,333.33,462.91
zone_B/frame_003,334.58,427.06
zone_B/frame_003,352.16,476.16
zone_B/frame_003,348.0,402.22
zone_B/frame_003,342.83,467.09
zone_B/frame_003,331.76,423.08
zone_B/frame_003,349.72,485.86
zone_B/frame_003,352.01,453.98
zone_B/frame_003,344.22,491.94
zone_B/frame_003,346.51,433.74
zone_B/frame_003,347.54,462.15
zone_B/frame_003,349.89,470.24
zone_B/frame_003,336.27,465.31
zone_B/frame_003,345.12,529.05
zone_B/frame_003,344.5,482.32
zone_B/frame_003,353.06,420.47
zone_B/frame_003,341.1,483.79
zone_B/frame_003,342.71,498.74
zone_B/frame_003,220.42,829.25
zone_B/frame_003,856.31,202.21
zone_B/frame_003,641.19,305.77
zone_B/frame_003,726.16,451.76
zone_B/frame_003,395.91,309.34
zone_B/frame_003,85.86,359.47
zone_B/frame_003,987.66,525.69
zone_B/frame_004,357.75,855.16
zone_B/frame_004,329.22,849.32
zone_B/frame_004,310.29,856.61
zone_B/frame_004,298.98,853.17
zone_B/frame_004,327.79,830.51
zone_B/frame_004,285.51,851.2
zone_B/frame_004,281.47,841.18
zone_B/frame_004,334.44,839.87
zone_B/frame_004,309.32,863.9
zone_B/frame_004,315.54,843.49
zone_B/frame_004,328.36,851.67
zone_B/frame_004,333.62,847.54
zone_B/frame_004,324.21,859.27
zone_B/frame_004,297.09,843.06
zone_B/frame_004,339.09,842.86
zone_B/frame_004,339.73,847.3
zone_B/frame_004,297.74,848.74
zone_B/frame_004,322.38,852.83
zone_B/frame_004,304.64,855.93
zone_B/frame_004,357.76,838.42
zone_B/frame_004,348.36,841.92
zone_B/frame_004,291.16,851.48
zone_B/frame_004,358.3,843.05
zone_B/frame_004,199.41,751.23
zone_B/frame_004,241.47,745.73
zone_B/frame_004,229.08,765.4
zone_B/frame_004,248.0,760.87
zone_B/frame_004,222.5,781.23
zone_B/frame_004,221.7,757.49
zone_B/frame_004,229.17,750.04
zone_B/frame_004,233.56,745.27
zone_B/frame_004,245.28,739.83
zone_B/frame_004,231.31,746.84
zone_B/frame_004,233.88,748.08
zone_B/frame_004,214.2,733.89
zone_B/frame_004,235.56,758.03
zone_B/frame_004,233.77,760.03
zone_B/frame_004,232.73,757.92
zone_B/frame_004,223.8,749.37
zone_B/frame_004,236.87,744.01
zone_B/frame_004,202.16,735.07
zone_B/frame_004,223.88,766.0
zone_B/frame_004,244.92,737.68
zone_B/frame_004,222.38,737.07
zone_B/frame_004,700.87,695.2
zone_B/frame_004,675.08,721.49
zone_B/frame_004,693.17,711.76
zone_B/frame_004,686.77,747.51
zone_B/frame_004,706.13,732.29
zone_B/frame_004,709.89,685.73
zone_B/frame_004,686.6,763.75
zone_B/frame_004,691.67,709.27
zone_B/frame_004,703.82,715.13
zone_B/frame_004,688.32,727.73
zone_B/frame_004,682.34,699.44
zone_B/frame_004,109.7,222.24
zone_B/frame_004,137.53,26.19
zone_B/frame_004,556.99,264.62
zone_B/frame_004,879.01,32.74
zone_B/frame_004,680.33,936.14
zone_B/frame_004,215.89,946.1
zone_B/frame_004,389.47,805.21
zone_B/frame_004,53.92,132.4
zone_B/frame_004,80.38,299.87
zone_C/frame_001,702.22,715.13
zone_C/frame_001,739.39,677.6
zone_C/frame_001,737.75,693.41
zone_C/frame_001,719.98,698.25
zone_C/frame_001,759.95,699.76
zone_C/frame_001,744.59,739.66
zone_C/frame_001,746.17,723.44
zone_C/frame_001,741.49,691.55
zone_C/frame_001,765.1,740.31
zone_C/frame_001,745.24,692.93
zone_C/frame_001,728.0,713.79
zone_C/frame_001,748.22,694.53
zone_C/frame_001,748.16,736.5
zone_C/frame_001,730.87,711.77
zone_C/frame_001,729.83,697.19
zone_C/frame_001,745.67,648.99
zone_C/frame_001,726.11,703.16
zone_C/frame_001,735.55,726.66
zone_C/frame_001,652.53,967.43
zone_C/frame_001,877.2,160.02
zone_C/frame_001,333.61,553.12
zone_C/frame_001,897.94,840.13
zone_C/frame_001,102.05,270.37
zone_C/frame_001,435.42,601.52
zone_C/frame_001,631.3,964.17
zone_C/frame_001,792.26,186.29
zone_C/frame_001,600.91,820.51
zone_C/frame_001,752.16,859.87
zone_C/frame_001,247.48,860.12
zone_C/frame_002,860.85,288.11
zone_C/frame_002,860.42,277.41
zone_C/frame_002,872.7,269.23
zone_C/frame_002,866.29,285.66
zone_C/frame_002,873.12,338.29
zone_C/frame_002,870.06,267.15
zone_C/frame_002,862.8,280.93
zone_C/frame_002,856.64,317.57
zone_C/frame_002,865.59,316.67
zone_C/frame_002,867.24,281.16
zone_C/frame_002,858.25,281.21
zone_C/frame_002,864.5,262.64
zone_C/frame_002,859.59,350.79
zone_C/frame_002,871.89,296.83
zone_C/frame_002,876.19,323.97
zone_C/frame_002,863.16,287.71
zone_C/frame_002,865.13,293.15
zone_C/frame_002,873.9,287.47
zone_C/frame_002,865.1,265.24
zone_C/frame_002,322.86,794.57
zone_C/frame_002,332.55,794.72
zone_C/frame_002,262.66,788.57
zone_C/frame_002,303.99,784.37
zone_C/frame_002,319.05,805.91
zone_C/frame_002,302.43,782.26
zone_C/frame_002,236.49,792.55
zone_C/frame_002,117.62,146.67
zone_C/frame_002,112.14,127.63
zone_C/frame_002,113.91,143.4
zone_C/frame_002,154.28,137.09
zone_C/frame_002,131.46,133.2
zone_C/frame_002,165.33,137.82
zone_C/frame_002,114.71,125.84
zone_C/frame_002,131.57,140.53
zone_C/frame_002,130.03,137.12
zone_C/frame_002,125.2,121.67
zone_C/frame_002,129.63,145.55
zone_C/frame_002,112.31,129.4
zone_C/frame_002,151.42,135.72
zone_C/frame_002,110.11,132.62
zone_C/frame_002,121.62,150.27
zone_C/frame_002,164.51,123.58
zone_C/frame_002,125.44,129.2
zone_C/frame_002,136.22,133.47
zone_C/frame_002,134.68,138.99
zone_C/frame_002,156.25,127.2
zone_C/frame_002,130.72,122.94
zone_C/frame_002,151.24,138.86
zone_C/frame_002,143.34,118.43
zone_C/frame_002,94.47,413.23
zone_C/frame_002,966.81,156.34
zone_C/frame_002,828.84,341.88
zone_C/frame_002,617.61,845.65
zone_C/frame_002,376.48,546.88
zone_C/frame_003,777.97,616.24
zone_C/frame_003,754.52,612.04
zone_C/frame_003,716.44,614.4
zone_C/frame_003,792.87,603.32
zone_C/frame_003,754.9,598.84
zone_C/frame_003,785.3,625.15
zone_C/frame_003,782.04,605.45
zone_C/frame_003,761.2,611.29
zone_C/frame_003,773.68,607.69
zone_C/frame_003,718.66,598.57
zone_C/frame_003,176.38,799.87
zone_C/frame_003,189.96,787.13
zone_C/frame_003,184.93,820.36
zone_C/frame_003,218.56,788.83
zone_C/frame_003,179.85,796.85
zone_C/frame_003,168.59,791.28
zone_C/frame_003,724.38,460.51
zone_C/frame_003,714.51,450.36
zone_C/frame_003,720.18,474.61
zone_C/frame_003,716.89,449.56
zone_C/frame_003,727.44,464.89
zone_C/frame_003,702.02,450.91
zone_C/frame_003,712.77,465.09
zone_C/frame_003,716.67,448.04
zone_C/frame_003,715.55,419.98
zone_C/frame_003,735.16,449.33
zone_C/frame_003,723.92,432.9
zone_C/frame_003,711.91,456.1
zone_C/frame_003,718.87,459.78
zone_C/frame_003,729.44,459.49
zone_C/frame_003,727.98,481.54
zone_C/frame_003,719.79,426.68
zone_C/frame_003,728.5,448.3
zone_C/frame_003,720.07,432.02
zone_C/frame_003,723.24,433.3
zone_C/frame_003,721.65,441.34
zone_C/frame_003,716.88,477.62
zone_C/frame_003,722.35,467.55
zone_C/frame_003,726.79,435.21
zone_C/frame_003,710.73,804.85
zone_C/frame_003,715.89,195.08
zone_C/frame_003,55.82,531.43
zone_C/frame_003,888.25,759.01
zone_C/frame_003,852.06,50.51
zone_C/frame_003,681.95,707.57
zone_C/frame_003,184.17,677.75
zone_C/frame_004,536.4,183.31
zone_C/frame_004,545.15,144.97
zone_C/frame_004,531.61,177.02
zone_C/frame_004,858.24,442.15
zone_C/frame_004,857.44,440.36
zone_C/frame_004,847.62,506.04
zone_C/frame_004,847.9,499.01
zone_C/frame_004,851.3,470.12
zone_C/frame_004,858.18,442.89
zone_C/frame_004,854.7,425.75
zone_C/frame_004,857.53,453.09
zone_C/frame_004,847.08,441.04
zone_C/frame_004,858.76,378.07
zone_C/frame_004,857.52,410.85
zone_C/frame_004,854.43,437.83
zone_C/frame_004,856.35,442.62
zone_C/frame_004,854.7,450.04
zone_C/frame_004,844.02,428.83
zone_C/frame_004,855.11,415.95
zone_C/frame_004,842.82,485.63
zone_C/frame_004,856.28,452.38
zone_C/frame_004,354.73,724.24
zone_C/frame_004,316.97,726.23
zone_C/frame_004,334.82,725.81
zone_C/frame_004,340.27,729.63
zone_C/frame_004,345.13,731.81
zone_C/frame_004,340.27,730.53
zone_C/frame_004,336.76,729.68
zone_C/frame_004,304.04,723.31
zone_C/frame_004,342.24,724.9
zone_C/frame_004,344.79,727.93
zone_C/frame_004,322.69,720.66
zone_C/frame_004,357.27,716.46
zone_C/frame_004,354.65,715.84
zone_C/frame_004,330.3,730.32
zone_C/frame_004,307.41,738.47
zone_C/frame_004,334.56,737.95
zone_C/frame_004,308.9,723.33
zone_C/frame_004,326.26,738.0
zone_C/frame_004,301.5,726.94
zone_C/frame_004,335.0,719.75
zone_C/frame_004,363.39,320.39
zone_C/frame_004,838.47,697.61
zone_C/frame_004,225.09,736.51
zone_C/frame_004,208.0,830.19
zone_C/frame_004,810.16,541.58
zone_D/frame_001,370.73,675.17
zone_D/frame_001,355.26,618.72
zone_D/frame_001,361.72,671.78
zone_D/frame_001,371.47,653.42
zone_D/frame_001,363.65,646.79
zone_D/frame_001,376.16,657.76
zone_D/frame_001,361.52,630.28
zone_D/frame_001,371.1,631.02
zone_D/frame_001,362.32,674.95
zone_D/frame_001,360.96,672.01
zone_D/frame_001,369.18,715.28
zone_D/frame_001,369.2,692.59
zone_D/frame_001,723.75,848.72
zone_D/frame_001,705.85,857.8
zone_D/frame_001,684.18,851.46
zone_D/frame_001,663.88,852.4
zone_D/frame_001,695.38,860.37
zone_D/frame_001,713.72,856.8
zone_D/frame_001,737.15,851.49
zone_D/frame_001,722.02,849.86
zone_D/frame_001,600.78,854.37
zone_D/frame_001,654.84,858.17
zone_D/frame_001,695.84,854.58
zone_D/frame_001,725.72,859.95
zone_D/frame_001,652.29,851.64
zone_D/frame_001,744.32,850.6
zone_D/frame_001,756.01,851.11
zone_D/frame_001,697.35,852.38
zone_D/frame_001,777.92,852.61
zone_D/frame_001,658.22,856.49
zone_D/frame_001,651.48,862.03
zone_D/frame_001,733.59,321.96
zone_D/frame_001,108.17,850.17
zone_D/frame_001,969.45,197.33
zone_D/frame_001,228.01,241.36
zone_D/frame_001,69.37,732.71
zone_D/frame_001,407.42,813.56
zone_D/frame_001,658.98,993.13
zone_D/frame_001,99.67,106.24
zone_D/frame_001,36.97,189.06
zone_D/frame_001,728.97,183.1
zone_D/frame_001,16.08,356.55
zone_D/frame_001,393.6,450.31
zone_D/frame_001,436.91,765.2
zone_D/frame_001,909.07,383.1
zone_D/frame_002,505.61,543.5
zone_D/frame_002,493.65,524.24
zone_D/frame_002,445.37,536.74
zone_D/frame_002,502.45,529.27
zone_D/frame_002,561.94,517.38
zone_D/frame_002,472.81,527.84
zone_D/frame_002,447.63,523.19
zone_D/frame_002,440.17,526.63
zone_D/frame_002,466.41,527.83
zone_D/frame_002,451.64,521.38
zone_D/frame_002,473.65,526.32
zone_D/frame_002,480.36,522.71
zone_D/frame_002,421.73,310.56
zone_D/frame_002,420.89,293.59
zone_D/frame_002,441.78,299.82
zone_D/frame_002,424.75,308.67
zone_D/frame_002,608.94,183.75
zone_D/frame_002,607.03,74.46
zone_D/frame_002,604.34,84.01
zone_D/frame_002,603.49,71.25
zone_D/frame_002,617.16,94.39
zone_D/frame_002,612.1,73.57
zone_D/frame_002,617.13,102.32
zone_D/frame_002,613.35,85.83
zone_D/frame_002,618.48,50.5
zone_D/frame_002,621.32,92.73
zone_D/frame_002,607.37,144.41
zone_D/frame_002,615.87,108.19
zone_D/frame_002,614.56,62.41
zone_D/frame_002,619.61,79.15
zone_D/frame_002,600.49,74.14
zone_D/frame_002,610.88,134.4
zone_D/frame_002,609.33,68.11
zone_D/frame_002,617.75,159.54
zone_D/frame_002,618.11,116.22
zone_D/frame_002,551.82,841.7
zone_D/frame_002,867.3,745.45
zone_D/frame_002,468.37,500.51
zone_D/frame_002,956.92,411.45
zone_D/frame_002,159.85,910.51
zone_D/frame_002,512.26,942.48
zone_D/frame_002,45.86,350.43
zone_D/frame_003,803.93,602.22
zone_D/frame_003,826.94,597.08
zone_D/frame_003,815.96,606.56
zone_D/frame_003,807.75,595.24
zone_D/frame_003,821.48,597.85
zone_D/frame_003,820.83,594.76
zone_D/frame_003,816.29,592.3
zone_D/frame_003,813.3,590.17
zone_D/frame_003,818.06,600.03
zone_D/frame_003,832.25,568.98
zone_D/frame_003,815.71,569.91
zone_D/frame_003,813.96,581.27
zone_D/frame_003,837.37,592.19
zone_D/frame_003,815.33,572.06
zone_D/frame_003,838.58,598.26
zone_D/frame_003,820.84,592.13
zone_D/frame_003,827.06,602.24
zone_D/frame_003,841.06,577.52
zone_D/frame_003,832.3,604.93
zone_D/frame_003,803.33,584.82
zone_D/frame_003,832.11,598.94
zone_D/frame_003,232.19,239.87
zone_D/frame_003,223.86,226.25
zone_D/frame_003,226.12,202.49
zone_D/frame_003,239.13,204.43
zone_D/frame_003,225.23,172.88
zone_D/frame_003,225.97,193.99
zone_D/frame_003,221.65,203.13
zone_D/frame_003,223.26,226.25
zone_D/frame_003,227.89,217.17
zone_D/frame_003,227.35,201.99
zone_D/frame_003,232.18,252.3
zone_D/frame_003,233.23,181.02
zone_D/frame_003,236.7,205.25
zone_D/frame_003,222.09,236.6
zone_D/frame_003,234.73,195.2
zone_D/frame_003,232.27,210.25
zone_D/frame_003,216.48,212.54
zone_D/frame_003,216.59,216.28
zone_D/frame_003,682.28,476.34
zone_D/frame_003,692.47,479.44
zone_D/frame_003,698.75,480.02
zone_D/frame_003,724.92,482.74
zone_D/frame_003,708.78,480.47
zone_D/frame_003,673.97,918.34
zone_D/frame_003,556.75,129.35
zone_D/frame_003,376.86,668.87
zone_D/frame_003,802.48,453.64
zone_D/frame_003,980.85,562.96
zone_D/frame_003,39.29,3.27
zone_D/frame_003,714.39,674.14
zone_D/frame_003,731.82,902.59
zone_D/frame_003,668.07,600.34
zone_D/frame_003,144.29,527.09
zone_D/frame_003,919.84,743.71
zone_D/frame_003,62.64,871.99
zone_D/frame_003,323.53,573.36
zone_D/frame_004,449.26,916.57
zone_D/frame_004,448.84,908.58
zone_D/frame_004,458.65,861.81
zone_D/frame_004,446.9,908.28
zone_D/frame_004,445.08,856.26
zone_D/frame_004,458.65,909.29
zone_D/frame_004,473.13,913.16
zone_D/frame_004,456.68,919.04
zone_D/frame_004,453.55,916.45
zone_D/frame_004,466.89,939.47
zone_D/frame_004,553.38,311.65
zone_D/frame_004,515.44,296.25
zone_D/frame_004,511.92,290.79
zone_D/frame_004,544.54,316.35
zone_D/frame_004,515.35,308.63
zone_D/frame_004,532.9,305.43
zone_D/frame_004,547.64,329.7
zone_D/frame_004,537.38,304.9
zone_D/frame_004,525.4,312.08
zone_D/frame_004,503.88,306.98
zone_D/frame_004,487.6,301.82
zone_D/frame_004,557.91,313.22
zone_D/frame_004,277.24,386.18
zone_D/frame_004,483.97,405.15
zone_D/frame_004,298.77,578.08
zone_D/frame_004,26.6,740.68
zone_D/frame_004,20.32,96.02
zone_D/frame_004,562.96,897.35
zone_D/frame_004,982.9,991.75
zone_D/frame_004,652.83,834.49
zone_D/frame_004,881.32,722.07
zone_D/frame_004,597.65,716.55
zone_D/frame_004,652.63,523.64
zone_E/frame_001,324.62,410.89
zone_E/frame_001,340.53,379.6
zone_E/frame_001,324.56,393.78
zone_E/frame_001,318.68,391.78
zone_E/frame_001,330.46,384.03
zone_E/frame_001,301.52,387.88
zone_E/frame_001,332.3,398.71
zone_E/frame_001,313.08,374.52
zone_E/frame_001,303.88,387.1
zone_E/frame_001,338.81,396.32
zone_E/frame_001,325.75,377.72
zone_E/frame_001,319.88,368.87
zone_E/frame_001,313.22,408.35
zone_E/frame_001,295.16,380.95
zone_E/frame_001,309.05,373.12
zone_E/frame_001,300.21,372.61
zone_E/frame_001,310.87,387.03
zone_E/frame_001,317.93,384.88
zone_E/frame_001,303.41,385.75
zone_E/frame_001,293.78,382.11
zone_E/frame_001,305.95,377.08
zone_E/frame_001,301.73,370.42
zone_E/frame_001,303.41,371.94
zone_E/frame_001,328.41,381.33
zone_E/frame_001,569.9,605.65
zone_E/frame_001,535.37,594.71
zone_E/frame_001,576.5,593.62
zone_E/frame_001,576.73,604.46
zone_E/frame_001,580.85,616.4
zone_E/frame_001,568.18,600.79
zone_E/frame_001,562.6,606.84
zone_E/frame_001,597.61,612.22
zone_E/frame_001,574.08,596.2
zone_E/frame_001,542.66,593.26
zone_E/frame_001,561.73,614.03
zone_E/frame_001,551.49,587.2
zone_E/frame_001,555.56,587.33
zone_E/frame_001,582.85,597.73
zone_E/frame_001,565.62,596.11
zone_E/frame_001,589.37,598.55
zone_E/frame_001,577.84,601.9
zone_E/frame_001,555.24,584.68
zone_E/frame_001,533.24,599.51
zone_E/frame_001,546.76,602.6
zone_E/frame_001,478.45,664.27
zone_E/frame_001,481.2,712.0
zone_E/frame_001,483.5,699.8
zone_E/frame_001,485.04,706.61
zone_E/frame_001,474.29,675.17
zone_E/frame_001,470.32,725.21
zone_E/frame_001,483.82,702.2
zone_E/frame_001,489.72,722.73
zone_E/frame_001,485.43,685.33
zone_E/frame_001,472.73,686.17
zone_E/frame_001,468.81,726.49
zone_E/frame_001,487.48,694.47
zone_E/frame_001,493.08,676.85
zone_E/frame_001,472.74,692.47
zone_E/frame_001,472.92,661.0
zone_E/frame_001,551.47,233.81
zone_E/frame_001,556.93,971.32
zone_E/frame_001,223.05,513.73
zone_E/frame_001,829.38,685.7
zone_E/frame_001,248.55,517.15
zone_E/frame_001,800.37,658.18
zone_E/frame_001,818.91,560.27
zone_E/frame_001,781.75,642.85
zone_E/frame_001,732.12,233.84
zone_E/frame_001,253.54,465.34
zone_E/frame_002,416.13,351.58
zone_E/frame_002,423.47,332.56
zone_E/frame_002,408.64,332.06
zone_E/frame_002,416.66,331.52
zone_E/frame_002,418.73,334.36
zone_E/frame_002,454.65,344.44
zone_E/frame_002,415.79,349.88
zone_E/frame_002,425.6,367.03
zone_E/frame_002,395.68,330.4
zone_E/frame_002,422.42,351.3
zone_E/frame_002,448.27,338.91
zone_E/frame_002,402.3,339.34
zone_E/frame_002,418.34,324.19
zone_E/frame_002,435.35,336.0
zone_E/frame_002,418.78,332.15
zone_E/frame_002,419.99,342.47
zone_E/frame_002,398.47,343.58
zone_E/frame_002,420.53,343.65
zone_E/frame_002,428.37,323.18
zone_E/frame_002,422.19,357.37
zone_E/frame_002,424.52,327.03
zone_E/frame_002,381.0,334.82
zone_E/frame_002,165.05,810.1
zone_E/frame_002,166.3,818.18
zone_E/frame_002,168.61,789.94
zone_E/frame_002,165.43,802.86
zone_E/frame_002,162.58,812.53
zone_E/frame_002,165.8,825.12
zone_E/frame_002,172.46,821.46
zone_E/frame_002,167.61,804.27
zone_E/frame_002,171.22,820.49
zone_E/frame_002,172.02,774.42
zone_E/frame_002,166.11,784.04
zone_E/frame_002,165.45,832.98
zone_E/frame_002,167.48,850.06
zone_E/frame_002,166.63,795.4
zone_E/frame_002,396.85,317.08
zone_E/frame_002,423.53,333.96
zone_E/frame_002,460.34,326.32
zone_E/frame_002,415.21,314.07
zone_E/frame_002,403.12,324.85
zone_E/frame_002,433.42,335.26
zone_E/frame_002,404.04,318.8
zone_E/frame_002,436.03,327.69
zone_E/frame_002,428.66,323.1
zone_E/frame_002,408.53,314.85
zone_E/frame_002,407.23,328.48
zone_E/frame_002,444.69,320.43
zone_E/frame_002,400.78,323.94
zone_E/frame_002,439.08,320.53
zone_E/frame_002,384.38,339.67
zone_E/frame_002,390.4,317.56
zone_E/frame_002,459.22,334.16
zone_E/frame_002,430.41,327.93
zone_E/frame_002,403.27,328.2
zone_E/frame_002,443.78,325.21
zone_E/frame_002,448.58,327.43
zone_E/frame_002,403.95,318.83
zone_E/frame_002,366.25,307.8
zone_E/frame_002,403.75,321.93
zone_E/frame_002,482.37,666.09
zone_E/frame_002,486.73,663.01
zone_E/frame_002,494.5,667.8
zone_E/frame_002,504.09,637.68
zone_E/frame_002,495.45,668.84
zone_E/frame_002,527.46,657.84
zone_E/frame_002,528.21,741.82
zone_E/frame_002,16.71,303.86
zone_E/frame_002,654.51,405.89
zone_E/frame_002,885.65,474.89
zone_E/frame_002,904.74,570.43
zone_E/frame_002,485.61,874.85
zone_E/frame_002,895.85,133.25
zone_E/frame_002,870.31,358.05
zone_E/frame_002,470.11,172.0
zone_E/frame_002,156.59,304.22
zone_E/frame_003,604.96,263.45
zone_E/frame_003,615.53,357.14
zone_E/frame_003,608.23,347.11
zone_E/frame_003,610.59,331.74
zone_E/frame_003,618.75,352.86
zone_E/frame_003,613.9,346.95
zone_E/frame_003,615.96,313.09
zone_E/frame_003,620.09,359.89
zone_E/frame_003,612.9,296.14
zone_E/frame_003,616.21,303.18
zone_E/frame_003,612.45,327.67
zone_E/frame_003,612.01,380.7
zone_E/frame_003,620.38,287.66
zone_E/frame_003,612.8,310.07
zone_E/frame_003,616.07,363.37
zone_E/frame_003,617.24,359.06
zone_E/frame_003,618.31,361.84
zone_E/frame_003,452.26,405.16
zone_E/frame_003,431.34,406.75
zone_E/frame_003,463.14,403.12
zone_E/frame_003,407.27,397.77
zone_E/frame_003,454.74,408.26
zone_E/frame_003,480.62,412.3
zone_E/frame_003,448.9,411.2
zone_E/frame_003,521.83,406.53
zone_E/frame_003,486.35,411.09
zone_E/frame_003,489.29,407.92
zone_E/frame_003,456.94,406.54
zone_E/frame_003,489.1,408.32
zone_E/frame_003,440.04,403.93
zone_E/frame_003,463.88,411.04
zone_E/frame_003,403.12,411.8
zone_E/frame_003,443.3,404.13
zone_E/frame_003,464.09,414.73
zone_E/frame_003,459.39,403.71
zone_E/frame_003,506.41,411.06
zone_E/frame_003,445.81,411.62
zone_E/frame_003,457.02,407.78
zone_E/frame_003,482.04,405.13
zone_E/frame_003,488.42,404.99
zone_E/frame_003,469.63,402.07
zone_E/frame_003,39.86,439.68
zone_E/frame_003,927.68,322.69
zone_E/frame_003,307.72,953.85
zone_E/frame_004,439.81,893.47
zone_E/frame_004,462.91,903.48
zone_E/frame_004,490.61,910.65
zone_E/frame_004,473.68,903.29
zone_E/frame_004,466.86,906.94
zone_E/frame_004,480.08,901.01
zone_E/frame_004,457.96,903.45
zone_E/frame_004,424.3,894.48
zone_E/frame_004,489.33,901.71
zone_E/frame_004,441.02,909.38
zone_E/frame_004,455.1,899.89
zone_E/frame_004,484.98,888.48
zone_E/frame_004,480.78,897.01
zone_E/frame_004,471.84,898.46
zone_E/frame_004,452.99,886.83
zone_E/frame_004,461.71,907.06
zone_E/frame_004,451.91,889.64
zone_E/frame_004,462.37,891.62
zone_E/frame_004,885.5,684.19
zone_E/frame_004,870.81,670.25
zone_E/frame_004,908.32,677.51
zone_E/frame_004,872.34,659.15
zone_E/frame_004,869.13,655.28
zone_E/frame_004,876.33,678.57
zone_E/frame_004,879.84,687.35
zone_E/frame_004,885.99,624.26
zone_E/frame_004,873.34,690.39
zone_E/frame_004,866.22,691.49
zone_E/frame_004,871.29,688.1
zone_E/frame_004,883.25,668.31
zone_E/frame_004,874.08,688.26
zone_E/frame_004,897.78,644.68
zone_E/frame_004,887.05,662.85
zone_E/frame_004,809.61,446.79
zone_E/frame_004,148.34,403.64
zone_E/frame_004,963.01,972.03
zone_E/frame_004,294.32,667.11
zone_E/frame_004,524.33,874.4
zone_E/frame_004,48.87,562.67
zone_F/frame_001,462.0,607.28
zone_F/frame_001,465.6,623.21
zone_F/frame_001,466.7,609.42
zone_F/frame_001,471.47,607.97
zone_F/frame_001,465.86,603.05
zone_F/frame_001,465.98,612.92
zone_F/frame_001,470.83,613.5
zone_F/frame_001,466.87,599.38
zone_F/frame_001,465.56,621.32
zone_F/frame_001,451.76,621.8
zone_F/frame_001,476.25,631.0
zone_F/frame_001,474.0,604.51
zone_F/frame_001,348.36,570.15
zone_F/frame_001,174.64,27.95
zone_F/frame_001,662.82,728.17
zone_F/frame_001,736.39,439.31
zone_F/frame_001,253.94,371.44
zone_F/frame_001,647.94,271.5
zone_F/frame_001,631.18,762.66
zone_F/frame_001,334.41,473.37
zone_F/frame_002,154.79,627.24
zone_F/frame_002,176.43,596.6
zone_F/frame_002,176.38,607.4
zone_F/frame_002,178.53,648.82
zone_F/frame_002,169.14,611.41
zone_F/frame_002,180.67,616.06
zone_F/frame_002,161.45,605.77
zone_F/frame_002,178.26,634.06
zone_F/frame_002,168.54,593.6
zone_F/frame_002,168.74,612.41
zone_F/frame_002,164.2,590.6
zone_F/frame_002,169.76,649.03
zone_F/frame_002,168.32,605.14
zone_F/frame_002,580.05,621.26
zone_F/frame_002,542.0,593.39
zone_F/frame_002,564.51,612.68
zone_F/frame_002,616.21,599.53
zone_F/frame_002,620.55,585.58
zone_F/frame_002,635.42,595.08
zone_F/frame_002,617.94,586.97
zone_F/frame_002,386.43,442.89
zone_F/frame_002,211.21,429.82
zone_F/frame_002,829.36,528.33
zone_F/frame_002,950.36,659.18
zone_F/frame_002,323.69,351.58
zone_F/frame_002,858.85,842.84
zone_F/frame_002,129.3,587.77
zone_F/frame_003,231.28,437.99
zone_F/frame_003,239.56,416.93
zone_F/frame_003,274.69,429.65
zone_F/frame_003,229.58,422.78
zone_F/frame_003,191.55,423.58
zone_F/frame_003,258.38,436.65
zone_F/frame_003,279.43,415.6
zone_F/frame_003,259.12,414.01
zone_F/frame_003,214.64,427.42
zone_F/frame_003,277.37,442.35
zone_F/frame_003,227.28,424.52
zone_F/frame_003,371.25,633.21
zone_F/frame_003,345.49,626.57
zone_F/frame_003,337.58,619.64
zone_F/frame_003,340.74,615.64
zone_F/frame_003,354.61,630.27
zone_F/frame_003,351.62,612.9
zone_F/frame_003,365.6,591.85
zone_F/frame_003,334.51,649.74
zone_F/frame_003,771.21,292.76
zone_F/frame_003,761.74,265.06
zone_F/frame_003,764.52,278.42
zone_F/frame_003,761.28,309.96
zone_F/frame_003,754.94,269.97
zone_F/frame_003,754.44,313.23
zone_F/frame_003,753.28,245.19
zone_F/frame_003,756.41,225.26
zone_F/frame_003,765.48,331.44
zone_F/frame_003,766.18,301.71
zone_F/frame_003,771.12,284.38
zone_F/frame_003,769.71,318.29
zone_F/frame_003,749.13,234.29
zone_F/frame_003,750.37,287.14
zone_F/frame_003,777.38,256.34
zone_F/frame_003,756.4,252.52
zone_F/frame_003,762.48,297.69
zone_F/frame_003,770.38,320.38
zone_F/frame_003,749.12,288.63
zone_F/frame_003,738.87,322.92
zone_F/frame_003,763.69,250.47
zone_F/frame_003,769.13,270.65
zone_F/frame_003,490.55,633.28
zone_F/frame_003,526.37,637.93
zone_F/frame_003,496.25,637.24
zone_F/frame_003,472.53,640.17
zone_F/frame_003,499.24,631.33
zone_F/frame_003,499.2,637.17
zone_F/frame_003,460.22,635.49
zone_F/frame_003,467.67,633.28
zone_F/frame_003,550.17,638.0
zone_F/frame_003,488.45,635.9
zone_F/frame_003,486.28,636.51
zone_F/frame_003,500.76,638.69
zone_F/frame_003,484.45,641.35
zone_F/frame_003,483.04,640.14
zone_F/frame_003,490.2,634.23
zone_F/frame_003,481.36,635.21
zone_F/frame_003,478.5,632.23
zone_F/frame_003,498.34,631.35
zone_F/frame_003,516.86,640.88
zone_F/frame_003,904.64,42.6
zone_F/frame_003,189.36,18.56
zone_F/frame_003,801.58,821.16
zone_F/frame_003,746.9,492.04
zone_F/frame_003,915.13,130.18
zone_F/frame_003,854.32,894.88
zone_F/frame_003,660.71,221.53
zone_F/frame_004,577.44,498.56
zone_F/frame_004,566.87,502.92
zone_F/frame_004,570.97,458.78
zone_F/frame_004,558.91,484.6
zone_F/frame_004,579.82,485.99
zone_F/frame_004,579.96,462.54
zone_F/frame_004,573.96,492.11
zone_F/frame_004,560.94,469.7
zone_F/frame_004,568.48,437.72
zone_F/frame_004,572.7,472.52
zone_F/frame_004,582.28,480.55
zone_F/frame_004,577.37,477.96
zone_F/frame_004,571.75,489.94
zone_F/frame_004,578.67,470.2
zone_F/frame_004,562.66,505.67
zone_F/frame_004,565.01,483.9
zone_F/frame_004,574.31,474.9
zone_F/frame_004,577.33,506.07
zone_F/frame_004,162.56,154.1
zone_F/frame_004,155.64,145.04
zone_F/frame_004,164.6,127.04
zone_F/frame_004,163.41,140.52
zone_F/frame_004,159.27,132.61
zone_F/frame_004,162.27,145.86
zone_F/frame_004,169.91,158.6
zone_F/frame_004,152.22,132.22
zone_F/frame_004,169.51,145.58
zone_F/frame_004,162.4,167.26
zone_F/frame_004,159.03,174.25
zone_F/frame_004,177.81,144.63
zone_F/frame_004,166.13,142.73
zone_F/frame_004,157.28,146.08
zone_F/frame_004,152.2,112.29
zone_F/frame_004,626.16,541.36
zone_F/frame_004,606.76,538.93
zone_F/frame_004,622.57,542.01
zone_F/frame_004,617.7,526.01
zone_F/frame_004,609.69,541.85
zone_F/frame_004,612.32,528.35
zone_F/frame_004,639.09,537.18
zone_F/frame_004,598.9,531.84
zone_F/frame_004,621.94,536.05
zone_F/frame_004,639.31,538.9
zone_F/frame_004,628.77,521.21
zone_F/frame_004,608.27,555.61
zone_F/frame_004,617.5,543.9
zone_F/frame_004,606.33,532.22
zone_F/frame_004,617.89,537.72
zone_F/frame_004,617.81,548.29
zone_F/frame_004,590.68,546.76
zone_F/frame_004,609.03,546.5
zone_F/frame_004,608.39,521.51
zone_F/frame_004,629.02,516.87
zone_F/frame_004,575.14,553.45
zone_F/frame_004,597.49,578.47
zone_F/frame_004,587.06,586.04
zone_F/frame_004,582.04,609.08
zone_F/frame_004,594.34,608.64
zone_F/frame_004,574.82,600.37
zone_F/frame_004,586.29,608.46
zone_F/frame_004,603.32,584.7
zone_F/frame_004,568.5,578.33
zone_F/frame_004,565.3,588.33
zone_F/frame_004,458.1,689.24
zone_F/frame_004,21.7,44.45
zone_F/frame_004,703.18,473.34
zone_F/frame_004,570.56,73.74
zone_F/frame_004,7.82,174.22
zone_F/frame_004,54.57,712.08
zone_F/frame_004,106.26,183.83
zone_F/frame_004,230.62,762.19
zone_F/frame_004,419.33,314.25
zone_F/frame_004,957.18,307.87
zone_F/frame_004,694.84,743.84
zone_F/frame_004,488.38,597.74
zone_F/frame_004,324.51,589.95
zone_F/frame_004,330.66,987.38
zone_G/frame_001,305.2,376.02
zone_G/frame_001,299.5,326.16
zone_G/frame_001,305.91,277.36
zone_G/frame_001,308.74,328.23
zone_G/frame_001,312.92,362.18
zone_G/frame_001,308.49,337.87
zone_G/frame_001,305.15,307.86
zone_G/frame_001,310.48,317.99
zone_G/frame_001,308.87,368.38
zone_G/frame_001,308.1,322.15
zone_G/frame_001,308.84,303.13
zone_G/frame_001,307.28,335.39
zone_G/frame_001,306.96,343.06
zone_G/frame_001,309.59,299.25
zone_G/frame_001,308.37,351.61
zone_G/frame_001,306.87,296.4
zone_G/frame_001,304.75,336.48
zone_G/frame_001,306.58,346.78
zone_G/frame_001,302.77,338.0
zone_G/frame_001,310.35,330.18
zone_G/frame_001,304.32,363.5
zone_G/frame_001,312.24,372.21
zone_G/frame_001,312.54,314.94
zone_G/frame_001,311.57,349.07
zone_G/frame_001,148.48,213.54
zone_G/frame_001,106.38,217.37
zone_G/frame_001,124.08,219.92
zone_G/frame_001,145.97,223.37
zone_G/frame_001,132.37,222.35
zone_G/frame_001,145.19,223.02
zone_G/frame_001,130.5,218.66
zone_G/frame_001,302.66,791.53
zone_G/frame_001,311.26,755.14
zone_G/frame_001,322.92,772.11
zone_G/frame_001,290.47,775.19
zone_G/frame_001,302.74,771.49
zone_G/frame_001,302.11,759.04
zone_G/frame_001,310.69,782.28
zone_G/frame_001,295.46,750.97
zone_G/frame_001,314.58,751.62
zone_G/frame_001,308.78,785.05
zone_G/frame_001,446.79,529.67
zone_G/frame_001,448.35,482.85
zone_G/frame_001,454.76,547.32
zone_G/frame_001,446.15,527.25
zone_G/frame_001,446.32,516.09
zone_G/frame_001,464.3,461.0
zone_G/frame_001,447.3,513.91
zone_G/frame_001,447.77,503.3
zone_G/frame_001,453.59,490.24
zone_G/frame_001,453.8,539.97
zone_G/frame_001,456.82,511.85
zone_G/frame_001,468.9,494.05
zone_G/frame_001,442.35,487.22
zone_G/frame_001,448.19,526.72
zone_G/frame_001,442.29,532.32
zone_G/frame_001,456.72,543.78
zone_G/frame_001,445.5,512.09
zone_G/frame_001,454.38,518.02
zone_G/frame_001,451.55,525.88
zone_G/frame_001,447.92,527.51
zone_G/frame_001,448.98,516.08
zone_G/frame_001,441.29,511.01
zone_G/frame_001,526.99,65.26
zone_G/frame_001,700.47,125.23
zone_G/frame_001,74.19,294.89
zone_G/frame_001,322.52,897.07
zone_G/frame_001,337.69,159.01
zone_G/frame_001,33.2,643.53
zone_G/frame_001,465.3,627.19
zone_G/frame_001,387.13,508.78
zone_G/frame_001,511.36,550.31
zone_G/frame_002,770.78,761.54
zone_G/frame_002,823.85,763.2
zone_G/frame_002,848.63,764.09
zone_G/frame_002,802.97,766.42
zone_G/frame_002,805.29,766.35
zone_G/frame_002,795.24,768.69
zone_G/frame_002,798.38,768.65
zone_G/frame_002,801.78,762.3
zone_G/frame_002,800.7,765.89
zone_G/frame_002,823.31,762.17
zone_G/frame_002,831.03,763.01
zone_G/frame_002,795.84,760.33
zone_G/frame_002,782.45,765.23
zone_G/frame_002,827.24,768.43
zone_G/frame_002,796.53,764.86
zone_G/frame_002,813.49,761.04
zone_G/frame_002,823.33,771.53
zone_G/frame_002,138.46,476.92
zone_G/frame_002,359.27,911.19
zone_G/frame_002,404.99,210.24
zone_G/frame_002,770.9,344.32
zone_G/frame_002,723.19,38.15
zone_G/frame_002,985.52,660.47
zone_G/frame_002,996.15,617.19
zone_G/frame_002,999.22,131.6
zone_G/frame_002,276.89,984.98
zone_G/frame_003,487.23,225.02
zone_G/frame_003,475.96,230.43
zone_G/frame_003,476.94,212.03
zone_G/frame_003,483.97,217.09
zone_G/frame_003,462.28,228.27
zone_G/frame_003,475.77,222.63
zone_G/frame_003,488.94,214.19
zone_G/frame_003,480.08,209.43
zone_G/frame_003,474.74,205.97
zone_G/frame_003,480.18,225.97
zone_G/frame_003,460.08,208.77
zone_G/frame_003,459.61,218.23
zone_G/frame_003,455.61,238.81
zone_G/frame_003,498.98,225.79
zone_G/frame_003,472.08,218.43
zone_G/frame_003,451.94,217.9
zone_G/frame_003,475.35,215.26
zone_G/frame_003,480.76,221.19
zone_G/frame_003,455.87,222.85
zone_G/frame_003,449.39,216.47
zone_G/frame_003,454.42,213.8
zone_G/frame_003,471.2,217.25
zone_G/frame_003,687.78,685.2
zone_G/frame_003,683.37,682.28
zone_G/frame_003,684.8,689.5
zone_G/frame_003,682.04,714.57
zone_G/frame_003,684.24,709.43
zone_G/frame_003,685.24,695.41
zone_G/frame_003,674.76,696.43
zone_G/frame_003,697.1,669.02
zone_G/frame_003,696.47,684.12
zone_G/frame_003,684.71,702.19
zone_G/frame_003,705.36,705.32
zone_G/frame_003,673.22,667.76
zone_G/frame_003,690.79,681.19
zone_G/frame_003,694.08,691.22
zone_G/frame_003,703.83,689.17
zone_G/frame_003,173.22,573.69
zone_G/frame_003,509.86,844.94
zone_G/frame_003,152.29,315.63
zone_G/frame_003,445.8,246.11
zone_G/frame_003,963.46,729.35
zone_G/frame_003,200.65,428.5
zone_G/frame_004,520.58,762.48
zone_G/frame_004,515.27,781.03
zone_G/frame_004,510.27,804.81
zone_G/frame_004,508.93,759.23
zone_G/frame_004,515.56,800.26
zone_G/frame_004,522.4,726.91
zone_G/frame_004,503.49,741.52
zone_G/frame_004,512.47,748.33
zone_G/frame_004,525.28,793.24
zone_G/frame_004,522.32,833.29
zone_G/frame_004,522.75,801.48
zone_G/frame_004,512.84,734.99
zone_G/frame_004,513.54,722.25
zone_G/frame_004,512.91,770.53
zone_G/frame_004,514.05,746.33
zone_G/frame_004,512.48,756.92
zone_G/frame_004,512.96,758.9
zone_G/frame_004,511.57,769.6
zone_G/frame_004,504.32,735.76
zone_G/frame_004,515.21,750.87
zone_G/frame_004,508.95,737.42
zone_G/frame_004,518.27,790.95
zone_G/frame_004,509.95,766.71
zone_G/frame_004,142.31,470.78
zone_G/frame_004,136.79,485.56
zone_G/frame_004,128.29,478.55
zone_G/frame_004,91.84,468.36
zone_G/frame_004,111.33,460.96
zone_G/frame_004,108.18,487.06
zone_G/frame_004,136.64,489.19
zone_G/frame_004,110.13,486.41
zone_G/frame_004,106.09,486.73
zone_G/frame_004,118.53,483.05
zone_G/frame_004,156.22,479.03
zone_G/frame_004,129.56,494.43
zone_G/frame_004,101.72,489.57
zone_G/frame_004,100.51,480.12
zone_G/frame_004,141.34,456.33
zone_G/frame_004,105.94,479.6
zone_G/frame_004,93.29,485.68
zone_G/frame_004,99.76,207.43
zone_G/frame_004,34.18,735.89
zone_G/frame_004,969.62,415.62
zone_G/frame_004,662.4,51.61
zone_G/frame_004,334.13,132.09
zone_G/frame_004,29.79,82.46
zone_G/frame_004,744.06,844.78
zone_G/frame_004,532.82,495.84
zone_G/frame_004,313.88,187.62
zone_G/frame_004,316.67,721.24
zone_G/frame_004,737.46,122.75
zone_G/frame_004,793.55,871.07
zone_G/frame_004,489.61,578.13
zone_G/frame_004,241.77,157.74
zone_H/frame_001,516.16,252.45
zone_H/frame_001,562.83,259.3
zone_H/frame_001,528.19,248.19
zone_H/frame_001,146.75,868.15
zone_H/frame_001,147.0,849.88
zone_H/frame_001,124.77,847.54
zone_H/frame_001,126.65,856.76
zone_H/frame_001,150.47,841.6
zone_H/frame_001,128.77,846.8
zone_H/frame_001,151.34,855.67
zone_H/frame_001,149.4,832.91
zone_H/frame_001,143.63,850.45
zone_H/frame_001,153.23,854.49
zone_H/frame_001,131.96,839.99
zone_H/frame_001,117.46,847.17
zone_H/frame_001,145.19,845.39
zone_H/frame_001,782.94,822.48
zone_H/frame_001,795.36,856.17
zone_H/frame_001,778.12,864.14
zone_H/frame_001,778.74,837.1
zone_H/frame_001,788.05,852.43
zone_H/frame_001,771.11,852.76
zone_H/frame_001,795.31,824.73
zone_H/frame_001,785.98,826.53
zone_H/frame_001,776.66,867.31
zone_H/frame_001,776.39,837.35
zone_H/frame_001,798.61,841.93
zone_H/frame_001,780.63,843.44
zone_H/frame_001,786.08,843.01
zone_H/frame_001,787.81,845.98
zone_H/frame_001,786.69,871.51
zone_H/frame_001,783.88,862.97
zone_H/frame_001,793.16,868.3
zone_H/frame_001,783.19,876.25
zone_H/frame_001,795.04,854.09
zone_H/frame_001,791.73,844.96
zone_H/frame_001,789.6,873.94
zone_H/frame_001,635.75,183.06
zone_H/frame_001,924.91,319.85
zone_H/frame_001,931.54,412.52
zone_H/frame_001,774.4,485.74
zone_H/frame_001,188.12,896.18
zone_H/frame_001,474.91,61.01
zone_H/frame_001,774.37,966.89
zone_H/frame_002,517.56,754.98
zone_H/frame_002,527.88,763.53
zone_H/frame_002,520.85,760.71
zone_H/frame_002,520.43,762.51
zone_H/frame_002,509.51,752.68
zone_H/frame_002,530.51,756.66
zone_H/frame_002,509.78,759.29
zone_H/frame_002,519.08,762.45
zone_H/frame_002,525.99,740.27
zone_H/frame_002,244.49,538.31
zone_H/frame_002,26.49,98.14
zone_H/frame_002,952.14,869.3
zone_H/frame_002,151.48,835.02
zone_H/frame_002,297.08,694.82
zone_H/frame_002,573.77,461.32
zone_H/frame_002,630.82,983.04
zone_H/frame_002,539.41,960.44
zone_H/frame_002,283.19,720.71
zone_H/frame_002,658.45,191.15
zone_H/frame_002,1.0,252.71
zone_H/frame_002,410.7,64.75
zone_H/frame_002,399.45,219.45
zone_H/frame_002,890.71,188.11
zone_H/frame_003,115.23,689.33
zone_H/frame_003,104.7,719.73
zone_H/frame_003,115.24,706.17
zone_H/frame_003,103.23,667.63
zone_H/frame_003,124.34,688.56
zone_H/frame_003,113.39,684.42
zone_H/frame_003,115.99,701.19
zone_H/frame_003,125.16,707.92
zone_H/frame_003,125.09,686.09
zone_H/frame_003,122.51,687.72
zone_H/frame_003,118.42,726.07
zone_H/frame_003,117.27,705.74
zone_H/frame_003,107.25,734.29
zone_H/frame_003,121.2,743.83
zone_H/frame_003,131.89,666.34
zone_H/frame_003,123.19,696.07
zone_H/frame_003,128.21,727.88
zone_H/frame_003,128.41,662.48
zone_H/frame_003,126.57,664.67
zone_H/frame_003,120.95,707.79
zone_H/frame_003,209.25,895.64
zone_H/frame_003,203.54,885.32
zone_H/frame_003,201.27,879.28
zone_H/frame_003,246.7,885.96
zone_H/frame_003,219.04,892.99
zone_H/frame_003,233.91,882.13
zone_H/frame_003,208.13,887.71
zone_H/frame_003,293.5,620.09
zone_H/frame_003,270.25,619.98
zone_H/frame_003,297.83,618.21
zone_H/frame_003,261.98,622.79
zone_H/frame_003,286.15,637.14
zone_H/frame_003,286.45,619.99
zone_H/frame_003,285.58,634.48
zone_H/frame_003,283.59,626.83
zone_H/frame_003,275.28,611.25
zone_H/frame_003,224.47,630.33
zone_H/frame_003,262.81,606.84
zone_H/frame_003,290.81,631.08
zone_H/frame_003,616.11,594.05
zone_H/frame_003,912.1,947.17
zone_H/frame_003,209.17,321.69
zone_H/frame_003,219.48,821.45
zone_H/frame_003,132.85,973.23
zone_H/frame_003,38.0,970.4
zone_H/frame_003,754.71,62.18
zone_H/frame_003,816.09,640.79
zone_H/frame_003,218.8,18.19
zone_H/frame_003,51.08,19.4
zone_H/frame_003,301.73,174.62
zone_H/frame_003,514.53,83.7
zone_H/frame_004,547.01,157.12
zone_H/frame_004,515.93,161.47
zone_H/frame_004,505.24,157.4
zone_H/frame_004,554.03,149.9
zone_H/frame_004,569.32,158.31
zone_H/frame_004,562.3,161.41
zone_H/frame_004,523.52,152.92
zone_H/frame_004,500.88,166.43
zone_H/frame_004,521.53,155.12
zone_H/frame_004,525.47,160.24
zone_H/frame_004,535.06,158.17
zone_H/frame_004,536.04,161.66
zone_H/frame_004,492.06,160.42
zone_H/frame_004,515.97,163.78
zone_H/frame_004,495.89,154.56
zone_H/frame_004,501.97,157.25
zone_H/frame_004,550.98,158.63
zone_H/frame_004,535.48,156.47
zone_H/frame_004,538.19,663.7
zone_H/frame_004,553.1,686.48
zone_H/frame_004,533.53,675.69
zone_H/frame_004,536.81,667.94
zone_H/frame_004,545.5,682.53
zone_H/frame_004,542.79,677.32
zone_H/frame_004,527.45,670.38
zone_H/frame_004,539.87,668.38
zone_H/frame_004,559.49,674.16
zone_H/frame_004,526.82,664.76
zone_H/frame_004,534.78,671.22
zone_H/frame_004,530.47,687.22
zone_H/frame_004,538.99,684.34
zone_H/frame_004,538.21,675.09
zone_H/frame_004,529.47,700.36
zone_H/frame_004,545.6,661.48
zone_H/frame_004,541.97,648.29
zone_H/frame_004,532.48,674.86
zone_H/frame_004,551.43,676.53
zone_H/frame_004,542.52,703.31
zone_H/frame_004,549.97,681.08
zone_H/frame_004,532.32,667.79
zone_H/frame_004,586.76,157.54
zone_H/frame_004,584.68,167.19
zone_H/frame_004,583.21,148.95
zone_H/frame_004,585.69,158.96
zone_H/frame_004,589.33,160.17
zone_H/frame_004,590.21,171.77
zone_H/frame_004,586.39,133.72
zone_H/frame_004,586.97,160.35
zone_H/frame_004,584.01,167.24
zone_H/frame_004,575.4,178.84
zone_H/frame_004,579.66,171.52
zone_H/frame_004,589.28,157.9
zone_H/frame_004,586.65,166.06
zone_H/frame_004,580.77,179.82
zone_H/frame_004,291.25,133.5
zone_H/frame_004,301.84,138.46
zone_H/frame_004,290.93,140.28
zone_H/frame_004,261.15,134.21
zone_H/frame_004,309.5,138.64
zone_H/frame_004,302.29,143.08
zone_H/frame_004,281.14,138.72
zone_H/frame_004,302.67,137.07
zone_H/frame_004,325.99,148.41
zone_H/frame_004,388.36,74.93
zone_H/frame_004,81.63,613.21
zone_H/frame_004,428.0,931.3
zone_H/frame_004,581.99,546.06
zone_I/frame_001,726.27,199.42
zone_I/frame_001,686.87,199.53
zone_I/frame_001,757.16,193.8
zone_I/frame_001,711.92,202.79
zone_I/frame_001,714.01,195.09
zone_I/frame_001,671.57,230.99
zone_I/frame_001,506.19,379.67
zone_I/frame_001,515.99,256.22
zone_I/frame_001,367.05,860.26
zone_I/frame_001,42.31,556.95
zone_I/frame_001,6.35,353.18
zone_I/frame_001,196.05,463.7
zone_I/frame_001,833.12,191.23
zone_I/frame_001,688.22,142.59
zone_I/frame_002,420.32,580.4
zone_I/frame_002,418.48,564.8
zone_I/frame_002,435.18,589.76
zone_I/frame_002,417.72,565.62
zone_I/frame_002,432.81,565.44
zone_I/frame_002,421.98,543.63
zone_I/frame_002,414.77,571.29
zone_I/frame_002,418.93,579.23
zone_I/frame_002,429.89,593.3
zone_I/frame_002,429.09,558.05
zone_I/frame_002,420.14,565.99
zone_I/frame_002,419.41,560.52
zone_I/frame_002,431.99,571.6
zone_I/frame_002,421.15,572.95
zone_I/frame_002,414.85,581.99
zone_I/frame_002,413.79,554.84
zone_I/frame_002,425.08,554.62
zone_I/frame_002,421.5,536.09
zone_I/frame_002,429.34,594.55
zone_I/frame_002,417.8,541.96
zone_I/frame_002,506.03,527.79
zone_I/frame_002,480.18,537.4
zone_I/frame_002,483.49,530.58
zone_I/frame_002,497.98,532.02
zone_I/frame_002,508.75,539.04
zone_I/frame_002,491.42,539.83
zone_I/frame_002,504.23,541.38
zone_I/frame_002,517.42,527.38
zone_I/frame_002,520.84,529.86
zone_I/frame_002,509.35,533.63
zone_I/frame_002,517.64,533.42
zone_I/frame_002,481.93,528.0
zone_I/frame_002,494.2,535.04
zone_I/frame_002,495.2,527.52
zone_I/frame_002,493.89,537.79
zone_I/frame_002,551.83,531.9
zone_I/frame_002,534.03,529.47
zone_I/frame_002,532.32,523.52
zone_I/frame_002,498.69,533.73
zone_I/frame_002,614.44,832.53
zone_I/frame_002,860.21,722.37
zone_I/frame_002,947.24,862.93
zone_I/frame_002,936.09,31.95
zone_I/frame_002,909.64,609.11
zone_I/frame_002,390.02,36.54
zone_I/frame_002,551.49,624.37
zone_I/frame_002,41.16,161.14
zone_I/frame_003,804.74,322.99
zone_I/frame_003,846.83,314.62
zone_I/frame_003,833.96,322.31
zone_I/frame_003,855.83,314.4
zone_I/frame_003,853.25,325.08
zone_I/frame_003,862.29,81.17
zone_I/frame_003,416.7,43.01
zone_I/frame_003,41.91,511.93
zone_I/frame_003,856.22,530.92
zone_I/frame_003,621.99,884.62
zone_I/frame_003,798.17,728.11
zone_I/frame_003,932.53,301.38
zone_I/frame_003,284.1,584.21
zone_I/frame_003,780.86,498.91
zone_I/frame_003,851.46,185.58
zone_I/frame_003,411.47,303.81
zone_I/frame_003,815.49,456.94
zone_I/frame_004,712.99,372.65
zone_I/frame_004,700.13,346.48
zone_I/frame_004,724.79,361.56
zone_I/frame_004,710.38,341.3
zone_I/frame_004,719.48,374.27
zone_I/frame_004,715.42,358.42
zone_I/frame_004,711.59,347.99
zone_I/frame_004,712.45,340.2
zone_I/frame_004,720.48,387.26
zone_I/frame_004,714.56,342.67
zone_I/frame_004,709.6,386.16
zone_I/frame_004,732.78,352.93
zone_I/frame_004,709.31,361.03
zone_I/frame_004,715.88,338.74
zone_I/frame_004,703.62,355.16
zone_I/frame_004,712.37,374.38
zone_I/frame_004,703.53,366.18
zone_I/frame_004,721.31,359.13
zone_I/frame_004,712.89,372.97
zone_I/frame_004,744.05,392.35
zone_I/frame_004,211.55,550.71
zone_I/frame_004,293.28,993.37
zone_I/frame_004,347.58,35.35
zone_J/frame_001,670.55,537.07
zone_J/frame_001,670.95,463.55
zone_J/frame_001,659.56,530.34
zone_J/frame_001,666.95,501.48
zone_J/frame_001,676.65,514.85
zone_J/frame_001,669.06,550.35
zone_J/frame_001,673.48,541.54
zone_J/frame_001,662.1,529.66
zone_J/frame_001,681.31,470.09
zone_J/frame_001,874.85,94.87
zone_J/frame_001,771.92,452.29
zone_J/frame_001,84.45,97.58
zone_J/frame_001,585.23,482.54
zone_J/frame_001,199.22,649.48
zone_J/frame_001,502.2,271.11
zone_J/frame_002,472.27,166.68
zone_J/frame_002,480.45,159.79
zone_J/frame_002,505.3,165.53
zone_J/frame_002,482.11,166.24
zone_J/frame_002,498.18,163.74
zone_J/frame_002,466.79,163.34
zone_J/frame_002,448.62,164.41
zone_J/frame_002,494.9,165.16
zone_J/frame_002,483.94,161.99
zone_J/frame_002,457.99,167.47
zone_J/frame_002,442.94,168.26
zone_J/frame_002,472.29,163.29
zone_J/frame_002,445.38,168.49
zone_J/frame_002,496.53,166.47
zone_J/frame_002,464.67,161.65
zone_J/frame_002,481.97,169.76
zone_J/frame_002,490.52,164.11
zone_J/frame_002,455.02,161.95
zone_J/frame_002,452.09,168.87
zone_J/frame_002,483.66,168.39
zone_J/frame_002,459.83,161.23
zone_J/frame_002,705.08,546.73
zone_J/frame_002,690.67,531.78
zone_J/frame_002,676.67,540.18
zone_J/frame_002,711.3,574.71
zone_J/frame_002,727.31,542.89
zone_J/frame_002,679.79,549.05
zone_J/frame_002,706.69,548.15
zone_J/frame_002,708.86,574.41
zone_J/frame_002,716.34,547.03
zone_J/frame_002,694.8,552.21
zone_J/frame_002,679.32,538.73
zone_J/frame_002,723.63,545.95
zone_J/frame_002,722.84,571.6
zone_J/frame_002,705.72,556.93
zone_J/frame_002,689.75,573.87
zone_J/frame_002,680.51,553.55
zone_J/frame_002,704.9,566.39
zone_J/frame_002,703.91,547.68
zone_J/frame_002,719.1,574.98
zone_J/frame_002,672.72,546.97
zone_J/frame_002,676.61,536.96
zone_J/frame_002,695.81,595.76
zone_J/frame_002,834.25,348.42
zone_J/frame_002,336.63,1.53
zone_J/frame_002,985.53,722.48
zone_J/frame_002,540.73,321.32
zone_J/frame_002,11.25,663.37
zone_J/frame_002,902.67,234.38
zone_J/frame_002,134.52,653.69
zone_J/frame_002,189.01,88.83
zone_J/frame_002,734.42,260.2
zone_J/frame_003,282.64,546.71
zone_J/frame_003,304.34,524.95
zone_J/frame_003,284.95,515.34
zone_J/frame_003,292.97,322.09
zone_J/frame_003,292.76,380.05
zone_J/frame_003,286.34,336.86
zone_J/frame_003,291.97,361.48
zone_J/frame_003,279.99,332.91
zone_J/frame_003,557.57,602.54
zone_J/frame_003,591.16,608.61
zone_J/frame_003,556.48,612.3
zone_J/frame_003,533.17,600.76
zone_J/frame_003,636.3,603.88
zone_J/frame_003,604.59,606.71
zone_J/frame_003,586.19,614.07
zone_J/frame_003,636.28,602.52
zone_J/frame_003,588.67,600.9
zone_J/frame_003,638.48,603.75
zone_J/frame_003,550.16,607.06
zone_J/frame_003,626.58,603.55
zone_J/frame_003,301.44,747.72
zone_J/frame_003,265.14,784.37
zone_J/frame_003,284.6,768.75
zone_J/frame_003,282.14,785.95
zone_J/frame_003,281.31,763.67
zone_J/frame_003,284.99,773.77
zone_J/frame_003,284.66,760.54
zone_J/frame_003,284.24,775.54
zone_J/frame_003,280.92,754.3
zone_J/frame_003,314.21,751.14
zone_J/frame_003,306.8,755.37
zone_J/frame_003,295.13,775.25
zone_J/frame_003,296.64,784.95
zone_J/frame_003,296.41,770.79
zone_J/frame_003,308.99,796.92
zone_J/frame_003,277.41,751.21
zone_J/frame_003,287.24,750.19
zone_J/frame_003,316.0,751.01
zone_J/frame_003,308.07,765.15
zone_J/frame_003,312.23,870.81
zone_J/frame_003,774.03,959.87
zone_J/frame_003,41.56,621.4
zone_J/frame_003,43.11,306.05
zone_J/frame_003,971.88,679.25
zone_J/frame_003,214.95,900.6
zone_J/frame_003,977.08,252.95
zone_J/frame_003,747.8,261.92
zone_J/frame_004,556.53,629.18
zone_J/frame_004,554.63,724.35
zone_J/frame_004,565.37,654.26
zone_J/frame_004,580.41,704.96
zone_J/frame_004,568.9,688.55
zone_J/frame_004,561.81,665.39
zone_J/frame_004,556.57,657.87
zone_J/frame_004,568.81,665.21
zone_J/frame_004,553.13,678.49
zone_J/frame_004,548.16,680.31
zone_J/frame_004,566.12,660.81
zone_J/frame_004,575.81,683.62
zone_J/frame_004,556.49,695.71
zone_J/frame_004,557.34,670.37
zone_J/frame_004,561.88,654.58
zone_J/frame_004,551.19,714.45
zone_J/frame_004,558.25,673.28
zone_J/frame_004,578.29,648.68
zone_J/frame_004,562.89,717.8
zone_J/frame_004,554.18,698.19
zone_J/frame_004,570.29,639.41
zone_J/frame_004,558.64,667.26
zone_J/frame_004,576.47,638.11
zone_J/frame_004,561.85,617.07
zone_J/frame_004,197.68,426.39
zone_J/frame_004,271.84,433.93
zone_J/frame_004,244.99,418.16
zone_J/frame_004,263.53,422.28
zone_J/frame_004,268.86,419.11
zone_J/frame_004,294.67,404.07
zone_J/frame_004,244.34,405.27
zone_J/frame_004,227.35,414.61
zone_J/frame_004,244.87,416.68
zone_J/frame_004,277.78,411.77
zone_J/frame_004,263.81,421.78
zone_J/frame_004,255.33,404.07
zone_J/frame_004,255.54,424.89
zone_J/frame_004,265.99,415.1
zone_J/frame_004,244.8,414.66
zone_J/frame_004,257.52,410.44
zone_J/frame_004,243.15,416.62
zone_J/frame_004,252.71,412.55
zone_J/frame_004,320.43,280.88
zone_J/frame_004,303.36,288.45
zone_J/frame_004,269.96,282.45
zone_J/frame_004,308.61,272.57
zone_J/frame_004,256.76,299.74
zone_J/frame_004,276.9,301.88
zone_J/frame_004,298.63,263.77
zone_J/frame_004,266.23,293.22
zone_J/frame_004,283.16,280.56
zone_J/frame_004,263.38,305.2
zone_J/frame_004,254.53,273.35
zone_J/frame_004,292.54,279.7
zone_J/frame_004,261.69,296.07
zone_J/frame_004,728.68,472.12
zone_J/frame_004,734.33,45.35
zone_J/frame_004,524.1,551.17
